sample_id,ab,bc,direction,library,conformer,rotaconformer,crmsd_threshold,overlap_rmsd
0,CC,CC,forward,CC,8304,15719,0.5008,0.5008
1,AC,CC,backward,CC,8528,6683,0.6840,0.8585
2,CC,CC,backward,CC,5515,9900,0.8328,0.8328
3,AC,CC,forward,AC,1736,9648,0.7662,0.7667
4,AC,CA,backward,CA,5,7414,0.5449,0.5690
5,AA,AA,forward,AA,9734,25374,0.7249,0.8258
6,AC,CC,forward,AC,5906,5471,0.9972,1.2774
7,AC,CC,backward,CC,624,9540,0.7370,0.7499
8,CA,AC,backward,AC,3406,10211,0.6380,0.6441
9,AA,AC,backward,AC,5164,1036,0.9362,0.9422
10,CC,CA,forward,CC,4708,13428,0.6766,0.6847
11,CA,AA,backward,AA,5024,17310,0.5258,0.6426
12,AA,AA,backward,AA,1989,3675,0.8098,0.8114
13,CC,CA,forward,CC,2332,1188,0.5565,0.5569
14,CA,AC,backward,AC,4913,15628,0.5266,0.5266
15,CA,AC,forward,CA,5081,8285,0.5041,0.5944
16,CA,AC,backward,AC,431,20721,0.5199,1.1345
17,AA,AC,forward,AA,7987,19095,0.6979,1.1428
18,AA,AA,backward,AA,4915,11827,0.6249,0.6470
19,CC,CA,backward,CA,7416,11369,0.9502,0.9659
20,CC,CA,forward,CC,217,9910,0.6401,0.8917
21,AA,AA,backward,AA,1765,2179,0.7529,1.1658
22,AA,AA,backward,AA,5020,10039,0.9301,1.2548
23,CA,AA,backward,AA,2258,7528,0.9814,1.2489
24,AA,AC,backward,AC,4689,13192,0.8960,1.0808
25,AA,AA,forward,AA,2272,10130,0.8215,1.1696
26,CA,AA,backward,AA,4335,10283,0.5980,1.1254
27,CA,AC,backward,AC,2575,8189,0.6887,0.6887
28,CC,CA,forward,CC,6408,2536,0.7872,0.8227
29,CC,CA,forward,CC,8172,17137,0.8539,0.8539
30,CA,AA,forward,CA,168,15392,0.9666,0.9999
31,CA,AA,forward,CA,4205,3553,0.8944,0.8954
32,AA,AC,forward,AA,214,4761,0.6718,0.7310
33,CC,CA,backward,CA,4963,12814,0.5416,0.5636
34,AC,CC,backward,CC,1776,7203,0.9599,0.9662
35,AC,CA,backward,CA,413,9569,0.8598,0.8600
36,CA,AA,backward,AA,3614,12499,0.5009,0.8670
37,CA,AC,backward,AC,5717,16336,0.5000,0.5143
38,AA,AA,backward,AA,8024,22398,0.5375,0.7234
39,CC,CC,forward,CC,8673,9797,0.8739,0.8739
40,AA,AA,forward,AA,363,422,0.6195,1.2382
41,CC,CA,forward,CC,67,9548,0.5364,0.9602
42,CC,CA,backward,CA,5845,14962,0.5593,1.2851
43,CA,AA,forward,CA,1965,20094,0.8873,1.0670
44,AC,CC,backward,CC,8686,7899,0.9285,1.0449
45,CC,CC,forward,CC,7616,882,0.5100,0.6692
46,AC,CC,forward,AC,4639,90,0.5782,1.0737
47,CC,CC,backward,CC,628,14604,0.5188,0.5787
48,CC,CA,forward,CC,2989,9033,0.9821,1.0160
49,AA,AC,backward,AC,4205,16963,0.9785,1.0174
50,CA,AC,forward,CA,6958,12918,0.7261,0.7270
51,CC,CC,backward,CC,2325,18169,0.9631,0.9631
52,CA,AC,backward,AC,2176,16106,0.5157,0.5335
53,CA,AC,backward,AC,6000,6139,0.5039,0.5233
54,CC,CA,forward,CC,3416,8298,0.9164,1.0484
55,CC,CA,forward,CC,8355,17624,0.5027,0.5027
56,AC,CC,backward,CC,8781,8215,0.6233,0.6238
57,AC,CA,forward,AC,2196,13531,0.7527,0.7773
58,CC,CC,backward,CC,288,2035,0.5043,0.5936
59,AA,AC,backward,AC,5338,4,0.6195,1.2697
60,CA,AA,backward,AA,8197,7280,0.8207,0.8464
61,CC,CA,backward,CA,3529,16167,0.7146,1.1226
62,CA,AC,backward,AC,2086,11998,0.5729,0.5811
63,CC,CA,backward,CA,3796,7449,0.6179,0.6396
64,AC,CC,forward,AC,4825,8477,0.7509,0.9639
65,CC,CC,forward,CC,2563,14018,0.8173,0.8186
66,AA,AC,forward,AA,8961,6790,0.6466,0.6467
67,CA,AA,forward,CA,4182,18015,0.7771,1.0525
68,AA,AA,backward,AA,7991,14120,0.8371,1.2673
69,AC,CA,forward,AC,6983,18954,0.9799,1.2680
70,AC,CC,backward,CC,8300,2555,0.9175,0.9372
71,AC,CA,backward,CA,5041,10170,0.5432,0.8060
72,CC,CC,forward,CC,1005,13617,0.5766,0.5766
73,AA,AA,forward,AA,663,20746,0.5898,0.6737
74,CA,AA,backward,AA,1660,14017,0.7340,0.9946
75,CC,CC,backward,CC,5337,17352,0.5008,0.7056
76,CC,CA,backward,CA,3248,8173,0.6416,0.9296
77,CC,CA,forward,CC,2910,16131,0.5146,0.5331
78,CC,CC,forward,CC,5611,13153,0.6731,0.6733
79,AC,CA,forward,AC,2592,3760,0.5182,0.9517
80,AC,CA,forward,AC,2961,3545,0.9039,0.9040
81,AC,CA,forward,AC,2944,12768,0.5154,0.6781
82,AA,AC,forward,AA,2391,17001,0.9453,0.9458
83,AC,CC,forward,AC,6115,9764,0.5133,0.9925
84,AC,CA,backward,CA,2939,3522,0.5247,0.5998
85,AA,AA,backward,AA,3551,9914,0.7569,0.8515
86,CC,CA,forward,CC,7519,6082,0.5304,0.6141
87,CA,AC,backward,AC,3557,3332,0.9267,0.9269
88,AC,CC,backward,CC,6248,13687,0.5093,0.5169
89,AC,CA,backward,CA,3676,10395,0.5584,0.5608
90,CC,CA,backward,CA,7386,4182,0.6136,0.6165
91,AA,AC,forward,AA,465,6825,0.6682,0.6690
92,CC,CC,forward,CC,4526,18974,0.6022,0.6191
93,CA,AC,backward,AC,3935,18590,0.7072,0.8716
94,AA,AA,forward,AA,1676,3249,0.6351,0.6572
95,CA,AA,forward,CA,7977,24707,0.9465,0.9468
96,AC,CA,backward,CA,1322,10628,0.5766,0.6109
97,CC,CA,backward,CA,6071,12478,0.8502,0.9984
98,CC,CA,backward,CA,8191,7235,0.8385,0.8390
99,CC,CC,forward,CC,2481,12045,0.5907,0.6083
100,CA,AA,backward,AA,1370,14138,0.5045,0.5045
101,CA,AC,backward,AC,5126,12527,0.5350,0.8993
102,AA,AC,backward,AC,3997,14454,0.9593,1.0491
103,CC,CC,backward,CC,7254,8937,0.9835,1.1389
104,AC,CA,backward,CA,4813,8664,0.6994,0.7091
105,AC,CC,forward,AC,829,11580,0.8023,0.8027
106,AC,CC,backward,CC,2156,11270,0.7257,0.9178
107,CA,AA,backward,AA,8786,17986,0.5857,0.6873
108,CC,CA,backward,CA,4479,9630,0.7686,0.8074
109,CA,AC,forward,CA,5324,7520,0.5263,0.7071
110,CC,CA,forward,CC,2241,20326,0.9722,1.0387
111,AC,CA,backward,CA,2214,13169,0.6184,0.6533
112,CA,AA,forward,CA,7940,14394,0.7532,1.0308
113,AC,CA,forward,AC,6990,8790,0.6657,0.7296
114,AC,CC,forward,AC,4404,19737,0.5136,0.9787
115,CC,CA,forward,CC,764,9941,0.5196,0.6476
116,AC,CA,backward,CA,6509,575,0.5184,0.5185
117,CC,CA,backward,CA,838,9488,0.5236,0.5236
118,CC,CA,forward,CC,4049,6604,0.5023,0.7875
119,CC,CC,forward,CC,5014,20863,0.5432,0.5477
120,CA,AC,backward,AC,2649,19960,0.6393,0.6498
121,CC,CC,backward,CC,1315,11925,0.6558,0.6703
122,AC,CA,backward,CA,44,3,0.5579,0.5642
123,AC,CC,backward,CC,3765,18670,0.6865,0.6997
124,AC,CC,backward,CC,6825,1573,0.5916,0.9494
125,CA,AA,backward,AA,4959,5237,0.9434,0.9451
126,CA,AA,forward,CA,4952,12833,0.5167,1.2148
127,CC,CA,backward,CA,3939,12066,0.6823,0.7258
128,CC,CA,backward,CA,6937,1811,0.5309,1.1169
129,CA,AA,backward,AA,5567,3952,0.6255,0.6262
130,CA,AA,backward,AA,4531,2182,0.5102,0.5102
131,CA,AA,backward,AA,1463,16282,0.6886,0.6953
132,CC,CC,forward,CC,1988,4095,0.9995,1.1085
133,AC,CC,forward,AC,2673,22169,0.5116,0.5128
134,AA,AA,backward,AA,4522,12574,0.5189,0.8080
135,AC,CA,forward,AC,5992,4639,0.6291,0.7128
136,AC,CC,forward,AC,5261,620,0.5394,0.7563
137,CC,CC,backward,CC,774,10653,0.6003,0.6194
138,AA,AC,forward,AA,4285,14080,0.7117,0.7146
139,AC,CA,forward,AC,5824,15587,0.7267,0.7865
140,CC,CC,backward,CC,4690,5665,0.5144,0.5148
141,CA,AC,forward,CA,6385,6617,0.6427,0.6432
142,AC,CA,forward,AC,268,5936,0.5702,0.6068
143,AA,AA,forward,AA,4750,17743,0.5248,0.5297
144,AC,CC,forward,AC,6637,22490,0.5744,0.6757
145,CC,CC,backward,CC,6688,1069,0.5036,0.5949
146,CC,CA,backward,CA,5907,13164,0.6732,0.6734
147,AA,AC,forward,AA,2767,3764,0.9302,0.9486
148,CC,CA,forward,CC,343,10214,0.7851,0.8136
149,AC,CA,forward,AC,2783,21405,0.8959,0.8979
150,CA,AA,backward,AA,2049,401,0.7289,0.8352
151,CC,CA,backward,CA,8320,21847,0.5066,0.6658
152,CA,AA,forward,CA,5594,9773,0.5886,0.6032
153,CA,AA,forward,CA,2546,14282,0.6944,0.7067
154,CC,CC,forward,CC,6785,22221,0.5103,0.7587
155,AC,CC,forward,AC,6819,10451,0.5094,0.6628
156,AC,CC,forward,AC,1021,6519,0.7376,0.7466
157,CC,CC,backward,CC,5303,16918,0.5375,1.1278
158,AA,AC,forward,AA,23,2660,0.5293,0.7506
159,AC,CC,forward,AC,5142,18647,0.5248,0.7786
160,CA,AC,forward,CA,1504,7282,0.8251,0.8448
161,AC,CC,backward,CC,1702,4976,0.8117,0.8123
162,CA,AC,forward,CA,2304,16116,0.6221,0.6559
163,CC,CC,forward,CC,1252,7625,0.8625,1.1358
164,CA,AA,forward,CA,8388,11875,0.5429,0.5624
165,AC,CC,forward,AC,7734,11380,0.8052,0.8305
166,CA,AA,forward,CA,7483,13772,0.5725,0.5751
167,CA,AC,forward,CA,7411,18119,0.9630,0.9779
168,CC,CC,forward,CC,6113,329,0.5022,0.5022
169,AC,CC,forward,AC,5015,13872,0.6661,0.9198
170,CA,AC,forward,CA,6698,203,0.7631,0.7906
171,CA,AC,forward,CA,7444,4339,0.7717,1.0612
172,CC,CA,backward,CA,2900,7438,0.5118,0.5138
173,AA,AA,backward,AA,3146,18611,0.7114,0.7147
174,AC,CA,forward,AC,5847,24420,0.9829,0.9936
175,CC,CA,forward,CC,1555,7932,0.7579,0.7716
176,AA,AA,forward,AA,3630,329,0.9320,0.9326
177,CC,CC,backward,CC,5188,13539,0.8685,0.8889
178,CC,CC,backward,CC,6620,2178,0.9573,1.0477
179,AC,CA,backward,CA,7096,21400,0.8218,0.8219
180,AA,AC,backward,AC,7736,10323,0.5368,0.5536
181,CA,AC,backward,AC,1762,8085,0.8651,0.8652
182,CC,CC,forward,CC,859,6443,0.8121,0.8349
183,CC,CA,backward,CA,1412,12520,0.9785,0.9885
184,AC,CC,forward,AC,6812,7986,0.5167,0.8097
185,CA,AA,backward,AA,3965,8279,0.7087,0.7096
186,AA,AC,backward,AC,7505,15743,0.8341,0.8342
187,AC,CC,forward,AC,6521,9559,0.5306,0.8047
188,AC,CC,backward,CC,660,2207,0.5093,0.7563
189,CA,AA,forward,CA,2337,13637,0.7696,1.0402
190,CA,AC,forward,CA,4569,13288,0.9917,1.2118
191,AA,AA,backward,AA,121,3118,0.5040,1.0560
192,AC,CC,forward,AC,6729,21718,0.5437,0.6389
193,AA,AC,backward,AC,3352,9336,0.6754,0.6766
194,CC,CC,forward,CC,2357,6765,0.5062,0.5068
195,AA,AC,forward,AA,9396,21089,0.9324,0.9336
196,AA,AC,forward,AA,6530,15179,0.9425,0.9480
197,CA,AA,forward,CA,7593,2012,0.9765,0.9823
198,AA,AC,backward,AC,4870,1344,0.7568,0.7672
199,CA,AC,forward,CA,5512,2697,0.5964,1.2869
