sample_id,ab,bc,direction,source_sequence,target_sequence,conformer,rotaconformer,crmsd_threshold,overlap_rmsd,candidate_conformers,pose_count,pose_dir
0,CC,CC,forward,CC,CC,8304,15719,0.5008,0.5008,19,16,/home/sjoerd/data/work/crocodile/grow-implementation/trace_pose_dirs_20/case-000
1,AC,CC,backward,CC,AC,8528,6683,0.6840,0.8585,36,1041,/home/sjoerd/data/work/crocodile/grow-implementation/trace_pose_dirs_20/case-001
2,CC,CC,backward,CC,CC,5515,9900,0.8328,0.8328,403,2001,/home/sjoerd/data/work/crocodile/grow-implementation/trace_pose_dirs_20/case-002
3,AC,CC,forward,AC,CC,1736,9648,0.7662,0.7667,863,5360,/home/sjoerd/data/work/crocodile/grow-implementation/trace_pose_dirs_20/case-003
4,AC,CA,backward,CA,AC,5,7414,0.5449,0.5690,1495,4016,/home/sjoerd/data/work/crocodile/grow-implementation/trace_pose_dirs_20/case-004
5,AA,AA,forward,AA,AA,9734,25374,0.7249,0.8258,1021,27538,/home/sjoerd/data/work/crocodile/grow-implementation/trace_pose_dirs_20/case-005
6,AC,CC,forward,AC,CC,5906,5471,0.9972,1.2774,5582,3993386,/home/sjoerd/data/work/crocodile/grow-implementation/trace_pose_dirs_20/case-006
7,AC,CC,backward,CC,AC,624,9540,0.7370,0.7499,2561,52827,/home/sjoerd/data/work/crocodile/grow-implementation/trace_pose_dirs_20/case-007
8,CA,AC,backward,AC,CA,3406,10211,0.6380,0.6441,88,166,/home/sjoerd/data/work/crocodile/grow-implementation/trace_pose_dirs_20/case-008
9,AA,AC,backward,AC,AA,5164,1036,0.9362,0.9422,1523,60628,/home/sjoerd/data/work/crocodile/grow-implementation/trace_pose_dirs_20/case-009
10,CC,CA,forward,CC,CA,4708,13428,0.6766,0.6847,747,3140,/home/sjoerd/data/work/crocodile/grow-implementation/trace_pose_dirs_20/case-010
11,CA,AA,backward,AA,CA,5024,17310,0.5258,0.6426,36,201,/home/sjoerd/data/work/crocodile/grow-implementation/trace_pose_dirs_20/case-011
12,AA,AA,backward,AA,AA,1989,3675,0.8098,0.8114,203,1633,/home/sjoerd/data/work/crocodile/grow-implementation/trace_pose_dirs_20/case-012
13,CC,CA,forward,CC,CA,2332,1188,0.5565,0.5569,1010,1072,/home/sjoerd/data/work/crocodile/grow-implementation/trace_pose_dirs_20/case-013
14,CA,AC,backward,AC,CA,4913,15628,0.5266,0.5266,80,50,/home/sjoerd/data/work/crocodile/grow-implementation/trace_pose_dirs_20/case-014
15,CA,AC,forward,CA,AC,5081,8285,0.5041,0.5944,8,14,/home/sjoerd/data/work/crocodile/grow-implementation/trace_pose_dirs_20/case-015
16,CA,AC,backward,AC,CA,431,20721,0.5199,1.1345,1310,657264,/home/sjoerd/data/work/crocodile/grow-implementation/trace_pose_dirs_20/case-016
17,AA,AC,forward,AA,AC,7987,19095,0.6979,1.1428,29,12863,/home/sjoerd/data/work/crocodile/grow-implementation/trace_pose_dirs_20/case-017
18,AA,AA,backward,AA,AA,4915,11827,0.6249,0.6470,662,338,/home/sjoerd/data/work/crocodile/grow-implementation/trace_pose_dirs_20/case-018
19,CC,CA,backward,CA,CC,7416,11369,0.9502,0.9659,36,706,/home/sjoerd/data/work/crocodile/grow-implementation/trace_pose_dirs_20/case-019
20,CC,CA,forward,CC,CA,217,9910,0.6401,0.8917,2321,180721,/home/sjoerd/data/work/crocodile/grow-implementation/trace_pose_dirs_200/case-020
21,AA,AA,backward,AA,AA,1765,2179,0.7529,1.1658,1574,697183,/home/sjoerd/data/work/crocodile/grow-implementation/trace_pose_dirs_200/case-021
22,AA,AA,backward,AA,AA,5020,10039,0.9301,1.2548,2956,1392931,/home/sjoerd/data/work/crocodile/grow-implementation/trace_pose_dirs_200/case-022
23,CA,AA,backward,AA,CA,2258,7528,0.9814,1.2489,1620,448589,/home/sjoerd/data/work/crocodile/grow-implementation/trace_pose_dirs_200/case-023
24,AA,AC,backward,AC,AA,4689,13192,0.8960,1.0808,4637,1024208,/home/sjoerd/data/work/crocodile/grow-implementation/trace_pose_dirs_200/case-024
25,AA,AA,forward,AA,AA,2272,10130,0.8215,1.1696,4066,1983050,/home/sjoerd/data/work/crocodile/grow-implementation/trace_pose_dirs_200/case-025
26,CA,AA,backward,AA,CA,4335,10283,0.5980,1.1254,56,18632,/home/sjoerd/data/work/crocodile/grow-implementation/trace_pose_dirs_200/case-026
27,CA,AC,backward,AC,CA,2575,8189,0.6887,0.6887,2072,11388,/home/sjoerd/data/work/crocodile/grow-implementation/trace_pose_dirs_200/case-027
28,CC,CA,forward,CC,CA,6408,2536,0.7872,0.8227,2558,26897,/home/sjoerd/data/work/crocodile/grow-implementation/trace_pose_dirs_200/case-028
29,CC,CA,forward,CC,CA,8172,17137,0.8539,0.8539,20,184,/home/sjoerd/data/work/crocodile/grow-implementation/trace_pose_dirs_200/case-029
30,CA,AA,forward,CA,AA,168,15392,0.9666,0.9999,4793,420627,/home/sjoerd/data/work/crocodile/grow-implementation/trace_pose_dirs_200/case-030
31,CA,AA,forward,CA,AA,4205,3553,0.8944,0.8954,2483,56901,/home/sjoerd/data/work/crocodile/grow-implementation/trace_pose_dirs_200/case-031
32,AA,AC,forward,AA,AC,214,4761,0.6718,0.7310,222,1679,/home/sjoerd/data/work/crocodile/grow-implementation/trace_pose_dirs_200/case-032
33,CC,CA,backward,CA,CC,4963,12814,0.5416,0.5636,32,42,/home/sjoerd/data/work/crocodile/grow-implementation/trace_pose_dirs_200/case-033
34,AC,CC,backward,CC,AC,1776,7203,0.9599,0.9662,495,13148,/home/sjoerd/data/work/crocodile/grow-implementation/trace_pose_dirs_200/case-034
35,AC,CA,backward,CA,AC,413,9569,0.8598,0.8600,2984,47407,/home/sjoerd/data/work/crocodile/grow-implementation/trace_pose_dirs_200/case-035
36,CA,AA,backward,AA,CA,3614,12499,0.5009,0.8670,20,1971,/home/sjoerd/data/work/crocodile/grow-implementation/trace_pose_dirs_200/case-036
37,CA,AC,backward,AC,CA,5717,16336,0.5000,0.5143,19,21,/home/sjoerd/data/work/crocodile/grow-implementation/trace_pose_dirs_200/case-037
38,AA,AA,backward,AA,AA,8024,22398,0.5375,0.7234,22,537,/home/sjoerd/data/work/crocodile/grow-implementation/trace_pose_dirs_200/case-038
39,CC,CC,forward,CC,CC,8673,9797,0.8739,0.8739,3119,28216,/home/sjoerd/data/work/crocodile/grow-implementation/trace_pose_dirs_200/case-039
40,AA,AA,forward,AA,AA,363,422,0.6195,1.2382,214,147286,/home/sjoerd/data/work/crocodile/grow-implementation/trace_pose_dirs_200/case-040
41,CC,CA,forward,CC,CA,67,9548,0.5364,0.9602,1679,316076,/home/sjoerd/data/work/crocodile/grow-implementation/trace_pose_dirs_200/case-041
42,CC,CA,backward,CA,CC,5845,14962,0.5593,1.2851,59,64044,/home/sjoerd/data/work/crocodile/grow-implementation/trace_pose_dirs_200/case-042
43,CA,AA,forward,CA,AA,1965,20094,0.8873,1.0670,2728,491513,/home/sjoerd/data/work/crocodile/grow-implementation/trace_pose_dirs_200/case-043
44,AC,CC,backward,CC,AC,8686,7899,0.9285,1.0449,750,45242,/home/sjoerd/data/work/crocodile/grow-implementation/trace_pose_dirs_200/case-044
45,CC,CC,forward,CC,CC,7616,882,0.5100,0.6692,2,74,/home/sjoerd/data/work/crocodile/grow-implementation/trace_pose_dirs_200/case-045
46,AC,CC,forward,AC,CC,4639,90,0.5782,1.0737,6,1928,/home/sjoerd/data/work/crocodile/grow-implementation/trace_pose_dirs_200/case-046
47,CC,CC,backward,CC,CC,628,14604,0.5188,0.5787,1112,3016,/home/sjoerd/data/work/crocodile/grow-implementation/trace_pose_dirs_200/case-047
48,CC,CA,forward,CC,CA,2989,9033,0.9821,1.0160,4159,167660,/home/sjoerd/data/work/crocodile/grow-implementation/trace_pose_dirs_200/case-048
49,AA,AC,backward,AC,AA,4205,16963,0.9785,1.0174,319,23981,/home/sjoerd/data/work/crocodile/grow-implementation/trace_pose_dirs_200/case-049
50,CA,AC,forward,CA,AC,6958,12918,0.7261,0.7270,635,3419,/home/sjoerd/data/work/crocodile/grow-implementation/trace_pose_dirs_200/case-050
51,CC,CC,backward,CC,CC,2325,18169,0.9631,0.9631,4984,376022,/home/sjoerd/data/work/crocodile/grow-implementation/trace_pose_dirs_200/case-051
52,CA,AC,backward,AC,CA,2176,16106,0.5157,0.5335,64,63,/home/sjoerd/data/work/crocodile/grow-implementation/trace_pose_dirs_200/case-052
53,CA,AC,backward,AC,CA,6000,6139,0.5039,0.5233,257,305,/home/sjoerd/data/work/crocodile/grow-implementation/trace_pose_dirs_200/case-053
54,CC,CA,forward,CC,CA,3416,8298,0.9164,1.0484,756,65206,/home/sjoerd/data/work/crocodile/grow-implementation/trace_pose_dirs_200/case-054
55,CC,CA,forward,CC,CA,8355,17624,0.5027,0.5027,59,69,/home/sjoerd/data/work/crocodile/grow-implementation/trace_pose_dirs_200/case-055
56,AC,CC,backward,CC,AC,8781,8215,0.6233,0.6238,65,402,/home/sjoerd/data/work/crocodile/grow-implementation/trace_pose_dirs_200/case-056
57,AC,CA,forward,AC,CA,2196,13531,0.7527,0.7773,586,6480,/home/sjoerd/data/work/crocodile/grow-implementation/trace_pose_dirs_200/case-057
58,CC,CC,backward,CC,CC,288,2035,0.5043,0.5936,363,1099,/home/sjoerd/data/work/crocodile/grow-implementation/trace_pose_dirs_200/case-058
59,AA,AC,backward,AC,AA,5338,4,0.6195,1.2697,2361,2442575,/home/sjoerd/data/work/crocodile/grow-implementation/trace_pose_dirs_200/case-059
60,CA,AA,backward,AA,CA,8197,7280,0.8207,0.8464,1636,16032,/home/sjoerd/data/work/crocodile/grow-implementation/trace_pose_dirs_200/case-060
61,CC,CA,backward,CA,CC,3529,16167,0.7146,1.1226,63,23509,/home/sjoerd/data/work/crocodile/grow-implementation/trace_pose_dirs_200/case-061
62,CA,AC,backward,AC,CA,2086,11998,0.5729,0.5811,1335,1744,/home/sjoerd/data/work/crocodile/grow-implementation/trace_pose_dirs_200/case-062
63,CC,CA,backward,CA,CC,3796,7449,0.6179,0.6396,1054,4026,/home/sjoerd/data/work/crocodile/grow-implementation/trace_pose_dirs_200/case-063
64,AC,CC,forward,AC,CC,4825,8477,0.7509,0.9639,731,53402,/home/sjoerd/data/work/crocodile/grow-implementation/trace_pose_dirs_200/case-064
65,CC,CC,forward,CC,CC,2563,14018,0.8173,0.8186,3132,84072,/home/sjoerd/data/work/crocodile/grow-implementation/trace_pose_dirs_200/case-065
66,AA,AC,forward,AA,AC,8961,6790,0.6466,0.6467,1395,3047,/home/sjoerd/data/work/crocodile/grow-implementation/trace_pose_dirs_200/case-066
67,CA,AA,forward,CA,AA,4182,18015,0.7771,1.0525,20,3281,/home/sjoerd/data/work/crocodile/grow-implementation/trace_pose_dirs_200/case-067
68,AA,AA,backward,AA,AA,7991,14120,0.8371,1.2673,1699,1006838,/home/sjoerd/data/work/crocodile/grow-implementation/trace_pose_dirs_200/case-068
69,AC,CA,forward,AC,CA,6983,18954,0.9799,1.2680,766,299566,/home/sjoerd/data/work/crocodile/grow-implementation/trace_pose_dirs_200/case-069
70,AC,CC,backward,CC,AC,8300,2555,0.9175,0.9372,132,3819,/home/sjoerd/data/work/crocodile/grow-implementation/trace_pose_dirs_200/case-070
71,AC,CA,backward,CA,AC,5041,10170,0.5432,0.8060,1307,70530,/home/sjoerd/data/work/crocodile/grow-implementation/trace_pose_dirs_200/case-071
72,CC,CC,forward,CC,CC,1005,13617,0.5766,0.5766,345,588,/home/sjoerd/data/work/crocodile/grow-implementation/trace_pose_dirs_200/case-072
73,AA,AA,forward,AA,AA,663,20746,0.5898,0.6737,1756,15104,/home/sjoerd/data/work/crocodile/grow-implementation/trace_pose_dirs_200/case-073
74,CA,AA,backward,AA,CA,1660,14017,0.7340,0.9946,92,13948,/home/sjoerd/data/work/crocodile/grow-implementation/trace_pose_dirs_200/case-074
75,CC,CC,backward,CC,CC,5337,17352,0.5008,0.7056,123,2314,/home/sjoerd/data/work/crocodile/grow-implementation/trace_pose_dirs_200/case-075
76,CC,CA,backward,CA,CC,3248,8173,0.6416,0.9296,1867,153955,/home/sjoerd/data/work/crocodile/grow-implementation/trace_pose_dirs_200/case-076
77,CC,CA,forward,CC,CA,2910,16131,0.5146,0.5331,414,535,/home/sjoerd/data/work/crocodile/grow-implementation/trace_pose_dirs_200/case-077
78,CC,CC,forward,CC,CC,5611,13153,0.6731,0.6733,951,6355,/home/sjoerd/data/work/crocodile/grow-implementation/trace_pose_dirs_200/case-078
79,AC,CA,forward,AC,CA,2592,3760,0.5182,0.9517,199,29622,/home/sjoerd/data/work/crocodile/grow-implementation/trace_pose_dirs_200/case-079
80,AC,CA,forward,AC,CA,2961,3545,0.9039,0.9040,4002,165247,/home/sjoerd/data/work/crocodile/grow-implementation/trace_pose_dirs_200/case-080
81,AC,CA,forward,AC,CA,2944,12768,0.5154,0.6781,443,3628,/home/sjoerd/data/work/crocodile/grow-implementation/trace_pose_dirs_200/case-081
82,AA,AC,forward,AA,AC,2391,17001,0.9453,0.9458,3589,264425,/home/sjoerd/data/work/crocodile/grow-implementation/trace_pose_dirs_200/case-082
83,AC,CC,forward,AC,CC,6115,9764,0.5133,0.9925,109,20774,/home/sjoerd/data/work/crocodile/grow-implementation/trace_pose_dirs_200/case-083
84,AC,CA,backward,CA,AC,2939,3522,0.5247,0.5998,1380,7223,/home/sjoerd/data/work/crocodile/grow-implementation/trace_pose_dirs_200/case-084
85,AA,AA,backward,AA,AA,3551,9914,0.7569,0.8515,235,2183,/home/sjoerd/data/work/crocodile/grow-implementation/trace_pose_dirs_200/case-085
86,CC,CA,forward,CC,CA,7519,6082,0.5304,0.6141,89,569,/home/sjoerd/data/work/crocodile/grow-implementation/trace_pose_dirs_200/case-086
87,CA,AC,backward,AC,CA,3557,3332,0.9267,0.9269,2374,67734,/home/sjoerd/data/work/crocodile/grow-implementation/trace_pose_dirs_200/case-087
88,AC,CC,backward,CC,AC,6248,13687,0.5093,0.5169,231,204,/home/sjoerd/data/work/crocodile/grow-implementation/trace_pose_dirs_200/case-088
89,AC,CA,backward,CA,AC,3676,10395,0.5584,0.5608,14,25,/home/sjoerd/data/work/crocodile/grow-implementation/trace_pose_dirs_200/case-089
90,CC,CA,backward,CA,CC,7386,4182,0.6136,0.6165,82,115,/home/sjoerd/data/work/crocodile/grow-implementation/trace_pose_dirs_200/case-090
91,AA,AC,forward,AA,AC,465,6825,0.6682,0.6690,2510,23438,/home/sjoerd/data/work/crocodile/grow-implementation/trace_pose_dirs_200/case-091
92,CC,CC,forward,CC,CC,4526,18974,0.6022,0.6191,222,1142,/home/sjoerd/data/work/crocodile/grow-implementation/trace_pose_dirs_200/case-092
93,CA,AC,backward,AC,CA,3935,18590,0.7072,0.8716,560,18567,/home/sjoerd/data/work/crocodile/grow-implementation/trace_pose_dirs_200/case-093
94,AA,AA,forward,AA,AA,1676,3249,0.6351,0.6572,739,1333,/home/sjoerd/data/work/crocodile/grow-implementation/trace_pose_dirs_200/case-094
95,CA,AA,forward,CA,AA,7977,24707,0.9465,0.9468,1218,20029,/home/sjoerd/data/work/crocodile/grow-implementation/trace_pose_dirs_200/case-095
96,AC,CA,backward,CA,AC,1322,10628,0.5766,0.6109,315,1042,/home/sjoerd/data/work/crocodile/grow-implementation/trace_pose_dirs_200/case-096
97,CC,CA,backward,CA,CC,6071,12478,0.8502,0.9984,1633,64960,/home/sjoerd/data/work/crocodile/grow-implementation/trace_pose_dirs_200/case-097
98,CC,CA,backward,CA,CC,8191,7235,0.8385,0.8390,2213,44109,/home/sjoerd/data/work/crocodile/grow-implementation/trace_pose_dirs_200/case-098
99,CC,CC,forward,CC,CC,2481,12045,0.5907,0.6083,283,352,/home/sjoerd/data/work/crocodile/grow-implementation/trace_pose_dirs_200/case-099
100,CA,AA,backward,AA,CA,1370,14138,0.5045,0.5045,143,53,/home/sjoerd/data/work/crocodile/grow-implementation/trace_pose_dirs_200/case-100
101,CA,AC,backward,AC,CA,5126,12527,0.5350,0.8993,192,25685,/home/sjoerd/data/work/crocodile/grow-implementation/trace_pose_dirs_200/case-101
102,AA,AC,backward,AC,AA,3997,14454,0.9593,1.0491,3888,234440,/home/sjoerd/data/work/crocodile/grow-implementation/trace_pose_dirs_200/case-102
103,CC,CC,backward,CC,CC,7254,8937,0.9835,1.1389,1273,153328,/home/sjoerd/data/work/crocodile/grow-implementation/trace_pose_dirs_200/case-103
104,AC,CA,backward,CA,AC,4813,8664,0.6994,0.7091,437,3255,/home/sjoerd/data/work/crocodile/grow-implementation/trace_pose_dirs_200/case-104
105,AC,CC,forward,AC,CC,829,11580,0.8023,0.8027,3442,77593,/home/sjoerd/data/work/crocodile/grow-implementation/trace_pose_dirs_200/case-105
106,AC,CC,backward,CC,AC,2156,11270,0.7257,0.9178,1611,100265,/home/sjoerd/data/work/crocodile/grow-implementation/trace_pose_dirs_200/case-106
107,CA,AA,backward,AA,CA,8786,17986,0.5857,0.6873,182,1941,/home/sjoerd/data/work/crocodile/grow-implementation/trace_pose_dirs_200/case-107
108,CC,CA,backward,CA,CC,4479,9630,0.7686,0.8074,3213,68760,/home/sjoerd/data/work/crocodile/grow-implementation/trace_pose_dirs_200/case-108
109,CA,AC,forward,CA,AC,5324,7520,0.5263,0.7071,62,529,/home/sjoerd/data/work/crocodile/grow-implementation/trace_pose_dirs_200/case-109
110,CC,CA,forward,CC,CA,2241,20326,0.9722,1.0387,1608,156607,/home/sjoerd/data/work/crocodile/grow-implementation/trace_pose_dirs_200/case-110
111,AC,CA,backward,CA,AC,2214,13169,0.6184,0.6533,387,1179,/home/sjoerd/data/work/crocodile/grow-implementation/trace_pose_dirs_200/case-111
112,CA,AA,forward,CA,AA,7940,14394,0.7532,1.0308,948,98175,/home/sjoerd/data/work/crocodile/grow-implementation/trace_pose_dirs_200/case-112
113,AC,CA,forward,AC,CA,6990,8790,0.6657,0.7296,451,3240,/home/sjoerd/data/work/crocodile/grow-implementation/trace_pose_dirs_200/case-113
114,AC,CC,forward,AC,CC,4404,19737,0.5136,0.9787,184,39515,/home/sjoerd/data/work/crocodile/grow-implementation/trace_pose_dirs_200/case-114
115,CC,CA,forward,CC,CA,764,9941,0.5196,0.6476,175,1281,/home/sjoerd/data/work/crocodile/grow-implementation/trace_pose_dirs_200/case-115
116,AC,CA,backward,CA,AC,6509,575,0.5184,0.5185,1168,1573,/home/sjoerd/data/work/crocodile/grow-implementation/trace_pose_dirs_200/case-116
117,CC,CA,backward,CA,CC,838,9488,0.5236,0.5236,1643,2309,/home/sjoerd/data/work/crocodile/grow-implementation/trace_pose_dirs_200/case-117
118,CC,CA,forward,CC,CA,4049,6604,0.5023,0.7875,479,18895,/home/sjoerd/data/work/crocodile/grow-implementation/trace_pose_dirs_200/case-118
119,CC,CC,forward,CC,CC,5014,20863,0.5432,0.5477,231,318,/home/sjoerd/data/work/crocodile/grow-implementation/trace_pose_dirs_200/case-119
120,CA,AC,backward,AC,CA,2649,19960,0.6393,0.6498,399,804,/home/sjoerd/data/work/crocodile/grow-implementation/trace_pose_dirs_200/case-120
121,CC,CC,backward,CC,CC,1315,11925,0.6558,0.6703,1513,4081,/home/sjoerd/data/work/crocodile/grow-implementation/trace_pose_dirs_200/case-121
122,AC,CA,backward,CA,AC,44,3,0.5579,0.5642,1575,3640,/home/sjoerd/data/work/crocodile/grow-implementation/trace_pose_dirs_200/case-122
123,AC,CC,backward,CC,AC,3765,18670,0.6865,0.6997,29,26,/home/sjoerd/data/work/crocodile/grow-implementation/trace_pose_dirs_200/case-123
124,AC,CC,backward,CC,AC,6825,1573,0.5916,0.9494,78,12580,/home/sjoerd/data/work/crocodile/grow-implementation/trace_pose_dirs_200/case-124
125,CA,AA,backward,AA,CA,4959,5237,0.9434,0.9451,2662,107374,/home/sjoerd/data/work/crocodile/grow-implementation/trace_pose_dirs_200/case-125
126,CA,AA,forward,CA,AA,4952,12833,0.5167,1.2148,30,39133,/home/sjoerd/data/work/crocodile/grow-implementation/trace_pose_dirs_200/case-126
127,CC,CA,backward,CA,CC,3939,12066,0.6823,0.7258,105,674,/home/sjoerd/data/work/crocodile/grow-implementation/trace_pose_dirs_200/case-127
128,CC,CA,backward,CA,CC,6937,1811,0.5309,1.1169,17,9933,/home/sjoerd/data/work/crocodile/grow-implementation/trace_pose_dirs_200/case-128
129,CA,AA,backward,AA,CA,5567,3952,0.6255,0.6262,503,828,/home/sjoerd/data/work/crocodile/grow-implementation/trace_pose_dirs_200/case-129
130,CA,AA,backward,AA,CA,4531,2182,0.5102,0.5102,167,97,/home/sjoerd/data/work/crocodile/grow-implementation/trace_pose_dirs_200/case-130
131,CA,AA,backward,AA,CA,1463,16282,0.6886,0.6953,497,2367,/home/sjoerd/data/work/crocodile/grow-implementation/trace_pose_dirs_200/case-131
132,CC,CC,forward,CC,CC,1988,4095,0.9995,1.1085,5765,1476632,/home/sjoerd/data/work/crocodile/grow-implementation/trace_pose_dirs_200/case-132
133,AC,CC,forward,AC,CC,2673,22169,0.5116,0.5128,44,35,/home/sjoerd/data/work/crocodile/grow-implementation/trace_pose_dirs_200/case-133
134,AA,AA,backward,AA,AA,4522,12574,0.5189,0.8080,324,14456,/home/sjoerd/data/work/crocodile/grow-implementation/trace_pose_dirs_200/case-134
135,AC,CA,forward,AC,CA,5992,4639,0.6291,0.7128,4,101,/home/sjoerd/data/work/crocodile/grow-implementation/trace_pose_dirs_200/case-135
136,AC,CC,forward,AC,CC,5261,620,0.5394,0.7563,211,5998,/home/sjoerd/data/work/crocodile/grow-implementation/trace_pose_dirs_200/case-136
137,CC,CC,backward,CC,CC,774,10653,0.6003,0.6194,60,44,/home/sjoerd/data/work/crocodile/grow-implementation/trace_pose_dirs_200/case-137
138,AA,AC,forward,AA,AC,4285,14080,0.7117,0.7146,1643,3258,/home/sjoerd/data/work/crocodile/grow-implementation/trace_pose_dirs_200/case-138
139,AC,CA,forward,AC,CA,5824,15587,0.7267,0.7865,560,3720,/home/sjoerd/data/work/crocodile/grow-implementation/trace_pose_dirs_200/case-139
140,CC,CC,backward,CC,CC,4690,5665,0.5144,0.5148,229,108,/home/sjoerd/data/work/crocodile/grow-implementation/trace_pose_dirs_200/case-140
141,CA,AC,forward,CA,AC,6385,6617,0.6427,0.6432,196,486,/home/sjoerd/data/work/crocodile/grow-implementation/trace_pose_dirs_200/case-141
142,AC,CA,forward,AC,CA,268,5936,0.5702,0.6068,1025,661,/home/sjoerd/data/work/crocodile/grow-implementation/trace_pose_dirs_200/case-142
143,AA,AA,forward,AA,AA,4750,17743,0.5248,0.5297,38,15,/home/sjoerd/data/work/crocodile/grow-implementation/trace_pose_dirs_200/case-143
144,AC,CC,forward,AC,CC,6637,22490,0.5744,0.6757,61,386,/home/sjoerd/data/work/crocodile/grow-implementation/trace_pose_dirs_200/case-144
145,CC,CC,backward,CC,CC,6688,1069,0.5036,0.5949,4,5,/home/sjoerd/data/work/crocodile/grow-implementation/trace_pose_dirs_200/case-145
146,CC,CA,backward,CA,CC,5907,13164,0.6732,0.6734,217,548,/home/sjoerd/data/work/crocodile/grow-implementation/trace_pose_dirs_200/case-146
147,AA,AC,forward,AA,AC,2767,3764,0.9302,0.9486,3565,103712,/home/sjoerd/data/work/crocodile/grow-implementation/trace_pose_dirs_200/case-147
148,CC,CA,forward,CC,CA,343,10214,0.7851,0.8136,2959,32685,/home/sjoerd/data/work/crocodile/grow-implementation/trace_pose_dirs_200/case-148
149,AC,CA,forward,AC,CA,2783,21405,0.8959,0.8979,3259,54305,/home/sjoerd/data/work/crocodile/grow-implementation/trace_pose_dirs_200/case-149
150,CA,AA,backward,AA,CA,2049,401,0.7289,0.8352,2655,97590,/home/sjoerd/data/work/crocodile/grow-implementation/trace_pose_dirs_200/case-150
151,CC,CA,backward,CA,CC,8320,21847,0.5066,0.6658,7,42,/home/sjoerd/data/work/crocodile/grow-implementation/trace_pose_dirs_200/case-151
152,CA,AA,forward,CA,AA,5594,9773,0.5886,0.6032,25,42,/home/sjoerd/data/work/crocodile/grow-implementation/trace_pose_dirs_200/case-152
153,CA,AA,forward,CA,AA,2546,14282,0.6944,0.7067,1400,3855,/home/sjoerd/data/work/crocodile/grow-implementation/trace_pose_dirs_200/case-153
154,CC,CC,forward,CC,CC,6785,22221,0.5103,0.7587,55,1275,/home/sjoerd/data/work/crocodile/grow-implementation/trace_pose_dirs_200/case-154
155,AC,CC,forward,AC,CC,6819,10451,0.5094,0.6628,23,169,/home/sjoerd/data/work/crocodile/grow-implementation/trace_pose_dirs_200/case-155
156,AC,CC,forward,AC,CC,1021,6519,0.7376,0.7466,831,5039,/home/sjoerd/data/work/crocodile/grow-implementation/trace_pose_dirs_200/case-156
157,CC,CC,backward,CC,CC,5303,16918,0.5375,1.1278,82,51765,/home/sjoerd/data/work/crocodile/grow-implementation/trace_pose_dirs_200/case-157
158,AA,AC,forward,AA,AC,23,2660,0.5293,0.7506,1491,46994,/home/sjoerd/data/work/crocodile/grow-implementation/trace_pose_dirs_200/case-158
159,AC,CC,forward,AC,CC,5142,18647,0.5248,0.7786,942,31340,/home/sjoerd/data/work/crocodile/grow-implementation/trace_pose_dirs_200/case-159
160,CA,AC,forward,CA,AC,1504,7282,0.8251,0.8448,653,5285,/home/sjoerd/data/work/crocodile/grow-implementation/trace_pose_dirs_200/case-160
161,AC,CC,backward,CC,AC,1702,4976,0.8117,0.8123,3079,38534,/home/sjoerd/data/work/crocodile/grow-implementation/trace_pose_dirs_200/case-161
162,CA,AC,forward,CA,AC,2304,16116,0.6221,0.6559,439,2392,/home/sjoerd/data/work/crocodile/grow-implementation/trace_pose_dirs_200/case-162
163,CC,CC,forward,CC,CC,1252,7625,0.8625,1.1358,3570,999781,/home/sjoerd/data/work/crocodile/grow-implementation/trace_pose_dirs_200/case-163
164,CA,AA,forward,CA,AA,8388,11875,0.5429,0.5624,64,51,/home/sjoerd/data/work/crocodile/grow-implementation/trace_pose_dirs_200/case-164
165,AC,CC,forward,AC,CC,7734,11380,0.8052,0.8305,1100,14811,/home/sjoerd/data/work/crocodile/grow-implementation/trace_pose_dirs_200/case-165
166,CA,AA,forward,CA,AA,7483,13772,0.5725,0.5751,10,3,/home/sjoerd/data/work/crocodile/grow-implementation/trace_pose_dirs_200/case-166
167,CA,AC,forward,CA,AC,7411,18119,0.9630,0.9779,3118,103136,/home/sjoerd/data/work/crocodile/grow-implementation/trace_pose_dirs_200/case-167
168,CC,CC,forward,CC,CC,6113,329,0.5022,0.5022,214,194,/home/sjoerd/data/work/crocodile/grow-implementation/trace_pose_dirs_200/case-168
169,AC,CC,forward,AC,CC,5015,13872,0.6661,0.9198,14,863,/home/sjoerd/data/work/crocodile/grow-implementation/trace_pose_dirs_200/case-169
170,CA,AC,forward,CA,AC,6698,203,0.7631,0.7906,2762,86207,/home/sjoerd/data/work/crocodile/grow-implementation/trace_pose_dirs_200/case-170
171,CA,AC,forward,CA,AC,7444,4339,0.7717,1.0612,2968,801023,/home/sjoerd/data/work/crocodile/grow-implementation/trace_pose_dirs_200/case-171
172,CC,CA,backward,CA,CC,2900,7438,0.5118,0.5138,3,4,/home/sjoerd/data/work/crocodile/grow-implementation/trace_pose_dirs_200/case-172
173,AA,AA,backward,AA,AA,3146,18611,0.7114,0.7147,979,3197,/home/sjoerd/data/work/crocodile/grow-implementation/trace_pose_dirs_200/case-173
174,AC,CA,forward,AC,CA,5847,24420,0.9829,0.9936,468,12693,/home/sjoerd/data/work/crocodile/grow-implementation/trace_pose_dirs_200/case-174
175,CC,CA,forward,CC,CA,1555,7932,0.7579,0.7716,1684,5280,/home/sjoerd/data/work/crocodile/grow-implementation/trace_pose_dirs_200/case-175
176,AA,AA,forward,AA,AA,3630,329,0.9320,0.9326,231,4326,/home/sjoerd/data/work/crocodile/grow-implementation/trace_pose_dirs_200/case-176
177,CC,CC,backward,CC,CC,5188,13539,0.8685,0.8889,352,3313,/home/sjoerd/data/work/crocodile/grow-implementation/trace_pose_dirs_200/case-177
178,CC,CC,backward,CC,CC,6620,2178,0.9573,1.0477,3293,187078,/home/sjoerd/data/work/crocodile/grow-implementation/trace_pose_dirs_200/case-178
179,AC,CA,backward,CA,AC,7096,21400,0.8218,0.8219,1254,17024,/home/sjoerd/data/work/crocodile/grow-implementation/trace_pose_dirs_200/case-179
180,AA,AC,backward,AC,AA,7736,10323,0.5368,0.5536,1979,4314,/home/sjoerd/data/work/crocodile/grow-implementation/trace_pose_dirs_200/case-180
181,CA,AC,backward,AC,CA,1762,8085,0.8651,0.8652,877,6827,/home/sjoerd/data/work/crocodile/grow-implementation/trace_pose_dirs_200/case-181
182,CC,CC,forward,CC,CC,859,6443,0.8121,0.8349,1592,12222,/home/sjoerd/data/work/crocodile/grow-implementation/trace_pose_dirs_200/case-182
183,CC,CA,backward,CA,CC,1412,12520,0.9785,0.9885,2860,87986,/home/sjoerd/data/work/crocodile/grow-implementation/trace_pose_dirs_200/case-183
184,AC,CC,forward,AC,CC,6812,7986,0.5167,0.8097,14,576,/home/sjoerd/data/work/crocodile/grow-implementation/trace_pose_dirs_200/case-184
185,CA,AA,backward,AA,CA,3965,8279,0.7087,0.7096,1610,10551,/home/sjoerd/data/work/crocodile/grow-implementation/trace_pose_dirs_200/case-185
186,AA,AC,backward,AC,AA,7505,15743,0.8341,0.8342,882,4513,/home/sjoerd/data/work/crocodile/grow-implementation/trace_pose_dirs_200/case-186
187,AC,CC,forward,AC,CC,6521,9559,0.5306,0.8047,126,4885,/home/sjoerd/data/work/crocodile/grow-implementation/trace_pose_dirs_200/case-187
188,AC,CC,backward,CC,AC,660,2207,0.5093,0.7563,210,5523,/home/sjoerd/data/work/crocodile/grow-implementation/trace_pose_dirs_200/case-188
189,CA,AA,forward,CA,AA,2337,13637,0.7696,1.0402,1545,177187,/home/sjoerd/data/work/crocodile/grow-implementation/trace_pose_dirs_200/case-189
190,CA,AC,forward,CA,AC,4569,13288,0.9917,1.2118,3451,1001992,/home/sjoerd/data/work/crocodile/grow-implementation/trace_pose_dirs_200/case-190
191,AA,AA,backward,AA,AA,121,3118,0.5040,1.0560,220,78530,/home/sjoerd/data/work/crocodile/grow-implementation/trace_pose_dirs_200/case-191
192,AC,CC,forward,AC,CC,6729,21718,0.5437,0.6389,74,421,/home/sjoerd/data/work/crocodile/grow-implementation/trace_pose_dirs_200/case-192
193,AA,AC,backward,AC,AA,3352,9336,0.6754,0.6766,769,2753,/home/sjoerd/data/work/crocodile/grow-implementation/trace_pose_dirs_200/case-193
194,CC,CC,forward,CC,CC,2357,6765,0.5062,0.5068,1709,2228,/home/sjoerd/data/work/crocodile/grow-implementation/trace_pose_dirs_200/case-194
195,AA,AC,forward,AA,AC,9396,21089,0.9324,0.9336,3679,125902,/home/sjoerd/data/work/crocodile/grow-implementation/trace_pose_dirs_200/case-195
196,AA,AC,forward,AA,AC,6530,15179,0.9425,0.9480,2100,33090,/home/sjoerd/data/work/crocodile/grow-implementation/trace_pose_dirs_200/case-196
197,CA,AA,forward,CA,AA,7593,2012,0.9765,0.9823,3177,48438,/home/sjoerd/data/work/crocodile/grow-implementation/trace_pose_dirs_200/case-197
198,AA,AC,backward,AC,AA,4870,1344,0.7568,0.7672,339,2983,/home/sjoerd/data/work/crocodile/grow-implementation/trace_pose_dirs_200/case-198
199,CA,AC,forward,CA,AC,5512,2697,0.5964,1.2869,17,13533,/home/sjoerd/data/work/crocodile/grow-implementation/trace_pose_dirs_200/case-199
